overall,verified,reviewTime,reviewerID,asin,reviewerName,reviewText,summary,unixReviewTime,style_Style:,style_Size:,style_Color:,vote,image,style_Size Name:,style_Style Name:,style_Package Quantity:,review_length,sentiment
5.0,True,"08 22, 2013",A34A1UP40713F8,B00009W3I4,James. Backus,I like this as a vent as well as something that will keep house warmer in winter.  I sanded it and then painted it the same color as the house.  Looks great.,Great product,1377129600, Dryer Vent,,,,,,,,157,Positive
5.0,True,"02 8, 2016",A1AHW6I678O6F2,B00009W3PA,kevin.,good item,Five Stars,1454889600,, 6-Foot,,,,,,,9,Positive
5.0,True,"08 5, 2015",A8R48NKTGCJDQ,B00009W3PA,CDBrannom,Fit my new LG dryer perfectly.,Five Stars,1438732800,, 6-Foot,,,,,,,30,Positive
5.0,True,"04 24, 2015",AR3OHHHW01A8E,B00009W3PA,Calvin E Reames,Good value for electric dryers,Perfect size,1429833600,, 6-Foot,,,,,,,30,Positive
5.0,True,"03 21, 2015",A2CIEGHZ7L1WWR,B00009W3PA,albert j. kong,Price and delivery was excellent.,Five Stars,1426896000,, 6-Foot,,,,,,,33,Positive
5.0,True,"12 26, 2013",A1RQQV9HYHDHDN,B00009W3PA,Adam Baer,I purchasaed a new dryer and did not want to reuse the cord from my old unit. This unit installed in a pretty straight forward manor. Quality was as expected. No Complaints,Easy install,1388016000,, 6-Foot,,,,,,,172,Positive
4.0,True,"08 2, 2016",A1OB2H416ARLFJ,B0009GVYNW,Commando Big,Good value.,Good value for the price.,1470096000,,,,,,,,,11,Positive
2.0,False,"07 6, 2017",A3LGZ8M29PBNGG,B000N6302Q,nerenttt,works great. we loved ours! till we didn't.  these do not last so buy the warranty as you WILL NEED IT.,"the five star posts are from new owners, the rest from disgruntle owners 6 months in with broken icemaker!",1499299200,,, Blue,,,,,,103,Negative
5.0,True,"04 30, 2016",A3GP2HMB2AFOKF,B000NCTOUM,Juan,Great product,Five Stars,1461974400,,,,,,,,,13,Positive
5.0,True,"11 11, 2015",AR3OHHHW01A8E,B000NCTOUM,Calvin E Reames,Did the job for fixing our Maytag dryer,Works on a Maytag also,1447200000,,,,,,,,,39,Positive
2.0,True,"08 24, 2015",AJPRN1TD1A0SD,B000NCTOUM,transporter,cheap,Two Stars,1440374400,,,,,,,,,5,Negative
5.0,True,"01 7, 2015",A1AJW9DILZFTQI,B000NCTOUM,Riteway Appliance,Great deal and fast shipping!,Five Stars,1420588800,,,,,,,,,29,Positive
5.0,True,"12 3, 2014",A11SCLK8GDDN3C,B000NCTOUM,mrclobhead,"All was fine, product was as advertised.",Five Stars,1417564800,,,,,,,,,40,Positive
5.0,True,"11 21, 2014",A1LN48DHHCKLR3,B000NCTOUM,Ernest Danel,received ok,Five Stars,1416528000,,,,,,,,,11,Positive
4.0,True,"08 30, 2014",A34A1UP40713F8,B000NCTOUM,James. Backus,A spare thermofuse.  Two years ago my dryer spun but there was no heat.  I got a service tech undid the back and changed it in seconds.  So I decided for the price I ordered a spare just in case.,A spare thermofuse. Two years ago my dryer spun ...,1409356800,,,,,,,,,195,Positive
4.0,True,"04 9, 2017",A1T1YSCDW0PD25,B000XTJRRA,Lantana Al,"I like this unit but am deducting one star because of the limited viewing angles. When you view from the sides or from the top or bottom, the display becomes much more difficult to read. It's not nearly as clear as the product photos. The display is also rather glossy to you wouldn't want it reflecting something bright, like a window.",Good product but limited viewing angles,1491696000,,,,,,,,,336,Positive
5.0,False,"10 10, 2014",A26M3TN8QICJ3K,B000XXWOGW,Marty Baker,Great. Just what I needed.,Five Stars,1412899200,,,,,,,,,26,Positive
3.0,True,"08 29, 2014",A1H2V1GNEY4LZ0,B000XXWOGW,Handyman,The connect did not match up where I had to modidify it to work.,Good delivery for the price.,1409270400,,,,,,,,,64,Neutral
1.0,True,"11 2, 2013",A2HDUVKXR5CM7H,B000XXWOGW,MIKE,"see original remarks, made the mistake of buying it again from same dealer same problems different machine.  Save your money !!",garbage,1383350400,,,,,,,,,127,Negative
3.0,True,"09 17, 2015",A1HWFUO5PKB2RW,B000XXYUSM,Greg bernal,they ok parts,Three Stars,1442448000,,,,,,,,,13,Neutral
5.0,True,"11 21, 2014",A1LN48DHHCKLR3,B000XXYUSM,Ernest Danel,received ok,Five Stars,1416528000,,,,,,,,,11,Positive
5.0,True,"11 1, 2015",A1RQQV9HYHDHDN,B00126NABC,Adam Baer,"Worked as expected, quality GE product. Water tastes good. Would recommend and will buy again.",Easy install,1446336000,,,,,,,,,94,Positive
4.0,True,"09 12, 2011",A26Y776G7VVBCQ,B00126NABC,JPM,Works great. Best price I could find on the internest. Shipped quickly with no problems. Will buy this again in 8 months when I need another one.,Perfect Fit and OEM part,1315785600,,,,,,,,,145,Positive
4.0,True,"06 6, 2013",A1OB2H416ARLFJ,B00149JVOC,Commando Big,I only use the namebrand filters. I believe that you get what you pay for and I have used these filters for years. They suit my needs.,ONLY One I use,1370476800,,,,,,,,,134,Positive
5.0,True,"11 27, 2014",A3NHUQ33CFH3VM,B0014CN8Y8,Greeny,"This is a complete kit for cleaning the dryer vents, a necessary thing. I had checked all the products and this was the best deal at the time I got it.",Complete kit for cleaning out dryer vents,1417046400,,,,,,,,,151,Positive
5.0,True,"11 17, 2015",A34A1UP40713F8,B000VL060M,James. Backus,I bought a new range hood and found I needed a filter as it did not come with it.  I looked at it at Home Depot for about 9 dollars more then using Amazon Prime and having it the door within 2 days. It fit perfectly our new hood.,I bought a new range hood and found I needed ...,1447718400,,,,,,,,,229,Positive
5.0,True,"03 8, 2015",A3B1B4E184FSUZ,B000VL060M,jobeck1,A+,Five Stars,1425772800,,,,,,,,,2,Positive
5.0,True,"08 29, 2014",A1H2V1GNEY4LZ0,B0015S4KIO,Handyman,Fitted perfectly!,Very reasonable priced!,1409270400,,,,,,,,,17,Positive
5.0,True,"07 3, 2016",A1RQQV9HYHDHDN,B0015UGPWQ,Adam Baer,"Moved into new apt, needed dryer vent hose, this fit the bill. The compression clamps made install a snap.",Quick and easy install,1467504000,,,,,, 4 Inch,,,106,Positive
5.0,True,"01 21, 2016",A1AHW6I678O6F2,B0015UGPWQ,kevin.,very nice product,Five Stars,1453334400,,,,,, 4 Inch,,,17,Positive
5.0,True,"08 5, 2015",A8R48NKTGCJDQ,B0015UGPWQ,CDBrannom,Fits perfectly,Five Stars,1438732800,,,,,, 4 Inch,,,14,Positive
5.0,True,"04 24, 2015",AR3OHHHW01A8E,B0015UGPWQ,Calvin E Reames,Easy install on dryer,Don't forget when to install the securing devices,1429833600,,,,,, 4 Inch,,,21,Positive
5.0,True,"03 8, 2015",A3B1B4E184FSUZ,B0015UGPWQ,jobeck1,A+,Five Stars,1425772800,,,,,, 4 Inch,,,2,Positive
4.0,True,"08 22, 2013",A34A1UP40713F8,B0015UGPWQ,James. Backus,I did not use the clamps but rather used the screw clamps I had .  Fits well and was the proper height.,Worked,1377129600,,,,,, 4 Inch,,,103,Positive
5.0,True,"01 21, 2016",A1AHW6I678O6F2,B001769IVI,kevin.,a must for washers,Five Stars,1453334400,,,,,,,,,18,Positive
5.0,True,"08 16, 2015",A1Y4UNHRP312HS,B001769IVI,Colorado Jerry,I used these (2) hoses to replace the original equipment rubber hoses. My previous experience with these hoses gave me peace of mind when I would be away from my home for extended vacations. I expect years of leak-free use.,I used these (2) hoses to replace the original equipment ...,1439683200,,,,,,,,,223,Positive
3.0,True,"08 5, 2015",A8R48NKTGCJDQ,B001769IVI,CDBrannom,A hose was included with our machine so we didn't need this. Otherwise it would have been fine.,Otherwise it would have been fine.,1438732800,,,,,,,,,95,Neutral
4.0,True,"04 3, 2014",A1OB2H416ARLFJ,B00186NSGS,Commando Big,"Very hard to come by, but worth it.",A must buy for any stove,1396483200,,, Black,,,,,,35,Positive
4.0,True,"04 3, 2014",A1OB2H416ARLFJ,B00186NSGS,Commando Big,Getting these burner covers at stores used to be easy. I am glad I found Amazon for my future needs. They are value priced and come from a good dealer.,Hard to come by,1396483200,,, Stainless Look,,,,,,151,Positive
5.0,True,"02 21, 2017",A13391AZAFJ67K,B001DHLGOS,Fred A,good,Five Stars,1487635200,,,,,,,,,4,Positive
5.0,True,"03 8, 2016",A3GP2HMB2AFOKF,B001DHLGOS,Juan,Great product,Five Stars,1457395200,,,,,,,,,13,Positive
2.0,True,"08 24, 2015",AJPRN1TD1A0SD,B001DHLGOS,transporter,cheap,Two Stars,1440374400,,,,,,,,,5,Negative
5.0,True,"08 13, 2015",A37DQO5LU8DXTV,B001DHLGOS,Easy Appliance,good job,Five Stars,1439424000,,,,,,,,,8,Positive
5.0,True,"11 21, 2014",A1LN48DHHCKLR3,B001DHLGOS,Ernest Danel,received ok,Five Stars,1416528000,,,,,,,,,11,Positive
5.0,True,"02 22, 2014",A3J8IC20SGBS2O,B001DHLGOS,Mr and Mrs Burk,"As the prices go up on appliance parts, you have to look elsewhere to save money.
  Sooooo... 30 minutes or so on You tube looking up videos showing you how to install the element could save you 100 bucks or more.
Mr Burke",reasonably priced,1393027200,,,,,,,,,222,Positive
5.0,True,"11 2, 2016",A23KSPVPHZF6EO,B001DPFP88,Angela Samos Guardia,Worked great thank you.,Five Stars,1478044800,,,,,,,,,23,Positive
5.0,True,"03 8, 2016",A3GP2HMB2AFOKF,B001DPFP88,Juan,Great product,Five Stars,1457395200,,,,,,,,,13,Positive
5.0,True,"01 17, 2016",A6FPI5CM4W5WB,B001DPFP88,Tim Veteto,Good  Job,Good  Job,1452988800,,,,,,,,,9,Positive
5.0,True,"07 10, 2015",A3H61AMBJ177DG,B001DPFP88,Randy Bailey,as advertised,Five Stars,1436486400,,,,,,,,,13,Positive
5.0,True,"12 10, 2014",AVGG8CYK8K312,B001DPFP88,Larry,great price I keep one in stock,Washer clutch,1418169600,,,,,,,,,31,Positive
5.0,False,"10 10, 2014",A26M3TN8QICJ3K,B001DPFP88,Marty Baker,Great. Just what I needed.,Five Stars,1412899200,,,,,,,,,26,Positive
5.0,True,"11 2, 2013",A2HDUVKXR5CM7H,B001DPQPKU,MIKE,"works great and very quiet, much quieter than original motor in hood fan and faster. would recommend to any one needs a fan motor",works great,1383350400,,,,,,,,,129,Positive
5.0,True,"02 12, 2016",A329823SXZ8IBE,B0042ACZU2,J!,These filters worked great.  Unfortunately I can't say the same for the fridge.,Filters worked better than the fridge itself,1455235200,,,,,,,,,79,Positive
5.0,True,"02 9, 2015",A3B1B4E184FSUZ,B0042U16YI,jobeck1,A+,Five Stars,1423440000,,,,,,,,,2,Positive
5.0,True,"04 30, 2016",A3GP2HMB2AFOKF,B0045LLC7K,Juan,Great product,Five Stars,1461974400,,,,,,,,,13,Positive
5.0,True,"04 17, 2018",A13391AZAFJ67K,B00470A1S0,Fred A,good,Five Stars,1523923200,,,,,,,,,4,Positive
5.0,True,"06 3, 2017",A3H61AMBJ177DG,B00470A1S0,Randy Bailey,as advertised,Five Stars,1496448000,,,,,,,,,13,Positive
2.0,True,"05 26, 2016",A1HWFUO5PKB2RW,B00470A1S0,Greg bernal,it will last 6 mouths and u get to do it agian,temp fix,1464220800,,,,,,,,,46,Negative
5.0,True,"07 4, 2015",A6FPI5CM4W5WB,B00470A1S0,Tim Veteto,"Great product, on time.",Great,1435968000,,,,,,,,,23,Positive
5.0,True,"11 20, 2014",A37DQO5LU8DXTV,B00470A1S0,Easy Appliance,"Sorry about that, I took too long to leave the feedback, you are an amazing businessman.
Thank you again.",you are an amazing businessman. Thank you again,1416441600,,,,,,,,,105,Positive
5.0,True,"06 26, 2017",A1Y4UNHRP312HS,B004UB1O9Q,Colorado Jerry,"This is the OEM filter. It removes contaminants and lead according to the literature, and it does improve the taste. I use the water for my coffee, tea, home made soda [Sodastream], and drinking water. Very satisfied with the taste. I also make a habit of replacing these whenever the ""replace light"" comes on.",Does its Job.,1498435200,,,,,,, 2 Pack,,310,Positive
5.0,True,"06 21, 2017",A329823SXZ8IBE,B004UB1O9Q,J!,Fit perfectly in my fridge.  No leaks and the water tastes great.,Awesome,1498003200, 3 Pack,,,,,,,,65,Positive
5.0,True,"06 12, 2017",A1Y4UNHRP312HS,B004UB1O9Q,Colorado Jerry,"This OEM filter works perfectly as expected. It supplies great tasting water and removes many toxins, according to the literature that accompanies them.",It supplies great tasting water and removes many toxins,1497225600, 3 Pack,,,,,,,,152,Positive
5.0,True,"02 12, 2016",A329823SXZ8IBE,B004UB1O9Q,J!,Fits my Samsung fridge.  Easy to replace.,The filter I needed,1455235200,,,,,,, 2 Pack,,41,Positive
5.0,True,"08 24, 2015",A1Y4UNHRP312HS,B004UB1O9Q,Colorado Jerry,"These water filters are designed for my Samsung refrigerator, and operate leak free.",Five Stars,1440374400, 1 Pack,,,,,,,,84,Positive
5.0,True,"04 24, 2016",A13391AZAFJ67K,B004XLDDNI,Fred A,good,Five Stars,1461456000,,,,,,,,,4,Positive
5.0,True,"03 8, 2016",A3GP2HMB2AFOKF,B004XLDDNI,Juan,Great product,Five Stars,1457395200,,,,,,,,,13,Positive
5.0,True,"01 5, 2016",A2V0JXLJ9VCNNX,B004XLDDNI,Amazon Customer,GREAT PART.,Five Stars,1451952000,,,,,,,,,11,Positive
5.0,True,"07 4, 2015",A6FPI5CM4W5WB,B004XLDDNI,Tim Veteto,Great,Great,1435968000,,,,,,,,,5,Positive
5.0,True,"12 3, 2014",A11SCLK8GDDN3C,B004XLDDNI,mrclobhead,"All was fine, product was as advertised.",Five Stars,1417564800,,,,,,,,,40,Positive
2.0,True,"08 24, 2015",AJPRN1TD1A0SD,B004XLDE5A,transporter,cheap,Two Stars,1440374400,,,,,,,,,5,Negative
5.0,True,"08 13, 2015",A37DQO5LU8DXTV,B004XLDE5A,Easy Appliance,Good,Five Stars,1439424000,,,,,,,,,4,Positive
5.0,True,"07 4, 2015",A13391AZAFJ67K,B004XLDE5A,Fred A,very good,Five Stars,1435968000,,,,,,,,,9,Positive
5.0,True,"07 4, 2015",A6FPI5CM4W5WB,B004XLDE5A,Tim Veteto,Great,Great,1435968000,,,,,,,,,5,Positive
5.0,True,"02 23, 2015",A26M3TN8QICJ3K,B004XLDE5A,Marty Baker,Excellent! Exactly what I needed.,Five Stars,1424649600,,,,,,,,,33,Positive
5.0,True,"11 21, 2014",A1LN48DHHCKLR3,B004XLDE5A,Ernest Danel,received ok,Five Stars,1416528000,,,,,,,,,11,Positive
5.0,True,"11 19, 2014",AFUVGAUNQVT0S,B004XLDE5A,Brian M.,"Common failure part in these dryers, but with the great price on these replacements I still have margin to make money and repair the right time the first time!",but with the great price on these replacements I still have margin to ...,1416355200,,,,,,,,,159,Positive
5.0,True,"03 21, 2015",A2CIEGHZ7L1WWR,B004XLDHSE,albert j. kong,Price and delivery was excellent.,Five Stars,1426896000,,,,,,,,,33,Positive
5.0,True,"01 1, 2015",A1AJW9DILZFTQI,B004XLDHSE,Riteway Appliance,Right on time and works great,Five Stars,1420070400,,,,,,,,,29,Positive
5.0,True,"11 27, 2014",A2O7BWHBIV1HWZ,B004XLDHSE,A/C dude,Worked great!!,Five Stars,1417046400,,,,,,,,,14,Positive
5.0,True,"11 25, 2014",A11SCLK8GDDN3C,B004XLDHSE,mrclobhead,"ALL WAS GREAT, NO PROBLEM WORKS FINE.",Five Stars,1416873600,,,,,,,,,37,Positive
5.0,True,"11 2, 2013",A2HDUVKXR5CM7H,B004XLDHSE,MIKE,"works great instructions made job very simply just need the right tools, purchase kit, not just dog ears well worth the couple of extra pennies",worth the money,1383350400,,,,,,,,,143,Positive
2.0,True,"08 24, 2015",AJPRN1TD1A0SD,B0053F7TQA,transporter,cheap,Two Stars,1440374400,,,,,,,,,5,Negative
5.0,True,"01 7, 2015",A1AJW9DILZFTQI,B0053F7TQA,Riteway Appliance,Great deal and fast shipping!,Five Stars,1420588800,,,,,,,,,29,Positive
5.0,True,"11 21, 2014",A1LN48DHHCKLR3,B0053F7TQA,Ernest Danel,received ok,Five Stars,1416528000,,,,,,,,,11,Positive
5.0,True,"02 22, 2014",A3J8IC20SGBS2O,B0053F7TQA,Mr and Mrs Burk,"A dryer thermostat which does as it was designed, to limit the heat to the element of your dryer
Mr Burke",Does what it is supposed to do,1393027200,,,,,,,,,105,Positive
5.0,True,"03 8, 2016",A3GP2HMB2AFOKF,B0053F80JA,Juan,Great product,Five Stars,1457395200,,,,,,,,,13,Positive
5.0,True,"01 5, 2016",A2V0JXLJ9VCNNX,B0053F80JA,Amazon Customer,WORKING GREAT,Five Stars,1451952000,,,,,,,,,13,Positive
2.0,True,"10 10, 2015",A1HWFUO5PKB2RW,B0053F80JA,Greg bernal,ok part,Two Stars,1444435200,,,,,,,,,7,Negative
5.0,True,"07 4, 2015",A6FPI5CM4W5WB,B0053F80JA,Tim Veteto,Great,Great,1435968000,,,,,,,,,5,Positive
5.0,True,"03 21, 2015",A2CIEGHZ7L1WWR,B0053F80JA,albert j. kong,Price and delivery was excellent.,Five Stars,1426896000,,,,,,,,,33,Positive
5.0,True,"05 21, 2014",A1AJW9DILZFTQI,B0053F80JA,Riteway Appliance,Great deal and fast shipping!,Five Stars,1400630400,,,,,,,,,29,Positive
5.0,True,"02 6, 2017",A3J8IC20SGBS2O,B0056I99WG,Mr and Mrs Burk,Money saver for a do-it your-selfer-excellent quality,Five Stars,1486339200,,,,,,,,,53,Positive
5.0,True,"01 5, 2016",A2V0JXLJ9VCNNX,B0056I99WG,Amazon Customer,DRYER WORKING GREAT,Five Stars,1451952000,,,,,,,,,19,Positive
1.0,True,"09 17, 2015",A1HWFUO5PKB2RW,B0056I99WG,Greg bernal,it did not last more then 3 days,One Star,1442448000,,,,,,,,,32,Negative
5.0,True,"09 7, 2015",AR3OHHHW01A8E,B0056I99WG,Calvin E Reames,Perfect fit for Maytag dryer,Part was a perfect fit,1441584000,,,,,,,,,28,Positive
5.0,True,"08 13, 2015",A37DQO5LU8DXTV,B0056I99WG,Easy Appliance,Thanks,Five Stars,1439424000,,,,,,,,,6,Positive
5.0,True,"07 4, 2015",A13391AZAFJ67K,B0056I99WG,Fred A,good,Five Stars,1435968000,,,,,,,,,4,Positive
5.0,True,"09 22, 2014",A6FPI5CM4W5WB,B0056I99WG,Tim Veteto,Good job,Good job,1411344000,,,,,,,,,8,Positive
5.0,True,"08 13, 2015",A37DQO5LU8DXTV,B00570RQ0A,Easy Appliance,good,Five Stars,1439424000,,,,,,,,,4,Positive
5.0,True,"02 23, 2015",A26M3TN8QICJ3K,B00570RQ0A,Marty Baker,Excellent! Exactly what I needed.,Five Stars,1424649600,,,,,,,,,33,Positive
5.0,True,"10 19, 2014",A2O7BWHBIV1HWZ,B00570RQ0A,A/C dude,worked great!!,Five Stars,1413676800,,,,,,,,,14,Positive
5.0,True,"03 27, 2014",A26Y776G7VVBCQ,B00570RQ0A,JPM,"Fixed my washer and fit perfect. Just like, well actually seemed like it designed better than the original. We'll see if it lasts 9 years like the original did.",Just like the original,1395878400,,,,,,,,,160,Positive
5.0,True,"12 21, 2016",AFUVGAUNQVT0S,B008YDSH6E,Brian M.,These start devices are great for all domestic refrigeration start device repairs. They exceed the original device and very easy to install.,Got compressor start problem?,1482278400,,,,,,,,,140,Positive
5.0,True,"11 1, 2016",A23KSPVPHZF6EO,B008YDSH6E,Angela Samos Guardia,Worked great thank you.,Five Stars,1477958400,,,,,,,,,23,Positive
5.0,False,"04 4, 2016",A3J8IC20SGBS2O,B008YDSH6E,Mr and Mrs Burk,"I am a technician. I have been a technician since 1971. Having used Supco relays for over 30 years when they first became available,  I have always found them to be reliable and they saved me from carrying 40 or 50 types of relays in my truck.

  Mr burke","Totally reliable relays, 45 years experience",1459728000,,,,,,,,,255,Positive
5.0,True,"01 7, 2015",A1AJW9DILZFTQI,B008YDSH6E,Riteway Appliance,Great deal and fast shipping!,Five Stars,1420588800,,,,,,,,,29,Positive
5.0,True,"11 27, 2014",A2O7BWHBIV1HWZ,B008YDSH6E,A/C dude,Worked great!! I just wonder how long they last. Guess I'll find out. This product is very easy to install!!,Worked great!! I just wonder how long they last,1417046400,,,,,,,,,108,Positive
4.0,True,"02 28, 2018",A23KSPVPHZF6EO,B009PCI2JU,Angela Samos Guardia,"This works great, wonderful product it worked good.",Four Stars,1519776000,,,,,,,, 1,51,Positive
5.0,True,"06 26, 2017",A1Y4UNHRP312HS,B00AHR3IG4,Colorado Jerry,"This is the OEM filter. It removes contaminants and lead according to the literature, and it does improve the taste. I use the water for my coffee, tea, home made soda [Sodastream], and drinking water. Very satisfied with the taste. I also make a habit of replacing these whenever the ""replace light"" comes on.",Does its Job.,1498435200,,,,,,,,,310,Positive
5.0,True,"06 21, 2017",A329823SXZ8IBE,B00AHR3IG4,J!,Fit perfectly in my fridge.  No leaks and the water tastes great.,Awesome,1498003200,,,,,,,,,65,Positive
5.0,True,"06 12, 2017",A1Y4UNHRP312HS,B00AHR3IG4,Colorado Jerry,"This OEM filter works perfectly as expected. It supplies great tasting water and removes many toxins, according to the literature that accompanies them.",It supplies great tasting water and removes many toxins,1497225600,,,,,,,,,152,Positive
5.0,True,"02 12, 2016",A329823SXZ8IBE,B00AHR3IG4,J!,Fits my Samsung fridge.  Easy to replace.,The filter I needed,1455235200,,,,,,,,,41,Positive
3.0,True,"07 25, 2016",AJPRN1TD1A0SD,B00BIZDI0A,transporter,ok,Three Stars,1469404800,,,,,,,,,2,Neutral
5.0,True,"03 7, 2017",A23KSPVPHZF6EO,B00CW0O1EW,Angela Samos Guardia,WONDERFUL!,Five Stars,1488844800,,,,,,,,,10,Positive
5.0,True,"04 24, 2016",A11SCLK8GDDN3C,B00CW0O1EW,mrclobhead,"All is fine no problem to report, will definitely recommend them to my friends.",Five Stars,1461456000,,,,,,,,,79,Positive
5.0,True,"03 8, 2016",A3GP2HMB2AFOKF,B00CW0O1EW,Juan,Great product,Five Stars,1457395200,,,,,,,,,13,Positive
5.0,True,"03 21, 2015",A2CIEGHZ7L1WWR,B00CW0O1EW,albert j. kong,Price is good and it makes sense to have a few spare fuses on hand. Delivery was excellent.,Five Stars,1426896000,,,,,,,,,91,Positive
5.0,True,"01 28, 2015",A13391AZAFJ67K,B00CW0O1EW,Fred A,Exelent,Five Stars,1422403200,,,,,,,,,7,Positive
5.0,True,"12 10, 2014",AVGG8CYK8K312,B00CW0O1EW,Larry,very low price good money maker too,Thermal fuses,1418169600,,,,,,,,,35,Positive
5.0,True,"11 20, 2014",A37DQO5LU8DXTV,B00CW0O1EW,Easy Appliance,Good,Five Stars,1416441600,,,,,,,,,4,Positive
5.0,True,"11 19, 2014",AFUVGAUNQVT0S,B00CW0O1EW,Brian M.,This muti pack makes sure I always have the part to finish the job. I can be in and out with a check in hand.,This muti pack makes sure I always have the part ...,1416355200,,,,,,,,,109,Positive
5.0,True,"02 23, 2015",A26M3TN8QICJ3K,B00DM8JA7Q,Marty Baker,Excellent! Exactly what I needed.,Five Stars,1424649600,,,,,,,,,33,Positive
5.0,True,"12 10, 2014",AVGG8CYK8K312,B00DM8JA7Q,Larry,These are a great buy I replace alot of them they seem to fit fine,Lid switch,1418169600,,,,,,,,,66,Positive
5.0,True,"11 25, 2014",A11SCLK8GDDN3C,B00DM8JA7Q,mrclobhead,"ALL IS FINE, ITEM WORKS GREAT.",Five Stars,1416873600,,,,,,,,,30,Positive
5.0,True,"11 10, 2014",A2O7BWHBIV1HWZ,B00DM8JA7Q,A/C dude,worked great,Five Stars,1415577600,,,,,,,,,12,Positive
1.0,True,"11 2, 2013",A2HDUVKXR5CM7H,B00DM8JA7Q,MIKE,"piece of garbage switch set to high that it will not shut off, couldn't return because it was taken out of package how else do you know if it will work if you don't take it out and try it. bad return policy",does not work as promised,1383350400,,,,,,,,,206,Negative
5.0,True,"01 5, 2016",A2V0JXLJ9VCNNX,B00DM8J11Q,Amazon Customer,GOOD DOGS.,Five Stars,1451952000,,,,,,,,,10,Positive
5.0,True,"06 21, 2015",A2CIEGHZ7L1WWR,B00DM8J11Q,albert j. kong,Very good price & delivery,Five Stars,1434844800,,,,,,,,,26,Positive
5.0,False,"05 14, 2015",AFUVGAUNQVT0S,B00DM8J11Q,Brian M.,Common failure with the whilrlpool agitator after a few years of service. I'm in and out with these replacement parts on the van.,Common failure with the whilrlpool agitator after a few years ...,1431561600,,,,,,,,,129,Positive
5.0,True,"01 3, 2015",A2O7BWHBIV1HWZ,B00DM8J11Q,A/C dude,Great!!,Five Stars,1420243200,,,,,,,,,7,Positive
5.0,True,"11 22, 2013",A1EUO0BU72JR7T,B00DM8J11Q,Bilbo,"Cheap fix for an old washer; take the agitator off, put these in, replace the agitator, and you're back in business.  You can even flip the old ones around sometimes to get a bit more use out of them, but these are cheap enough to put in if you're going to take the time to fix the washer anyway.",Perfect replacement for aging agitator-type washers...,1385078400,,,,,,,,,296,Positive
5.0,True,"06 16, 2016",A3J8IC20SGBS2O,B00DM8KQ2Y,Mr and Mrs Burk,works perfectly,Five Stars,1466035200,,,,,,,,,15,Positive
5.0,True,"07 10, 2015",A3H61AMBJ177DG,B00DM8KQ2Y,Randy Bailey,as advertised,Five Stars,1436486400,,,,,,,,,13,Positive
5.0,True,"07 4, 2015",AFUVGAUNQVT0S,B00DM8KQ2Y,Brian M.,Common failure part on Whirlpool built top load washers. This is an easy replacement and the customer was up and running in no time.,This is an easy replacement and the customer was up and running in ...,1435968000,,,,,,,,,132,Positive
5.0,True,"12 16, 2014",A26M3TN8QICJ3K,B00DM8KQ2Y,Marty Baker,"Awesome, exactly what I needed",Five Stars,1418688000,,,,,,,,,30,Positive
5.0,False,"04 8, 2015",ALZOND1IEW8KS,B00JGTUQJ6,Bill,Filter works just like the more expensive filters,works great,1428451200,,,,,,,,,49,Positive
5.0,False,"04 8, 2015",ALZOND1IEW8KS,B00JGTUQJ6,Bill,Filter works like it is supposed to.,Water tastes fine,1428451200,,,,,,,,,36,Positive
5.0,False,"04 8, 2015",ALZOND1IEW8KS,B00JGTUQJ6,Bill,Worked fine -easy to install,worked fine,1428451200,,,,,,,,,28,Positive
5.0,False,"04 8, 2015",ALZOND1IEW8KS,B00JGTUQJ6,Bill,Tastes like the original filter I bought. But costs a lot less.,Good product,1428451200,, 2-Pack,,,,,,,63,Positive
5.0,False,"04 8, 2015",ALZOND1IEW8KS,B00JGTUQJ6,Bill,works great -have bought them before,Works fine,1428451200,,,,,,,,,36,Positive
5.0,False,"04 8, 2015",ALZOND1IEW8KS,B00JGTUQJ6,Bill,Great product at a better price,Great product,1428451200,, 3-Pack,,,,,,,31,Positive
5.0,False,"04 8, 2015",ALZOND1IEW8KS,B00JGTUQJ6,Bill,Works great,worked no great no problems,1428451200,,,,,,,,,11,Positive
5.0,False,"03 26, 2015",A2OP8DEIIUESP,B00JGTUQJ6,Chris,First time I used this brand. But will buy it again. Worked just like all the others I have bought in the past,water tastes great,1427328000,,,,,,,,,110,Positive
5.0,False,"03 26, 2015",A2OP8DEIIUESP,B00JGTUQJ6,Chris,Have seen some bad reviews but don't know why. They always work great for me. Maybe some people aren't installing them correctly,Always work the way they are supposed to.,1427328000,,,,,,,,,128,Positive
5.0,False,"03 26, 2015",A2OP8DEIIUESP,B00JGTUQJ6,Chris,Just as good as the more expensive filters I used to buy. Taste and function is the same at a much lower price,Just like the more expensive filters,1427328000,, 2-Pack,,,,,,,110,Positive
5.0,False,"03 26, 2015",A2OP8DEIIUESP,B00JGTUQJ6,Chris,Filter functions and tastes exactly like the more expensive brand,Just like the more expensive filter,1427328000,,,,,,,,,65,Positive
5.0,False,"03 26, 2015",A2OP8DEIIUESP,B00JGTUQJ6,Chris,Worked great at half the price,Worked great,1427328000,, 3-Pack,,,,,,,30,Positive
5.0,False,"03 26, 2015",A2OP8DEIIUESP,B00JGTUQJ6,Chris,Worked great. Tastes the same as the more expensive brand filters,Tastes great less cost,1427328000,,,,2,,,,,65,Positive
5.0,True,"03 3, 2016",A2V0JXLJ9VCNNX,B00MGMWTQS,Amazon Customer,JUST RIGHT...,Five Stars,1456963200,,,,,,,,,13,Positive
5.0,True,"07 10, 2015",A3H61AMBJ177DG,B00MGMWTQS,Randy Bailey,as advertised,Five Stars,1436486400,,,,,,,,,13,Positive
5.0,True,"07 4, 2015",A6FPI5CM4W5WB,B00MGMWTQS,Tim Veteto,Great,Great,1435968000,,,,,,,,,5,Positive
5.0,True,"12 3, 2014",A11SCLK8GDDN3C,B00MGMWTQS,mrclobhead,"All was fine, product was as advertised.",Five Stars,1417564800,,,,,,,,,40,Positive
5.0,True,"08 11, 2014",AVGG8CYK8K312,B00MGMWTQS,Larry,Very satisfied I love these prices and prompt  courteous service,Five Stars,1407715200,,,,,,,,,64,Positive
5.0,True,"11 13, 2013",A1EUO0BU72JR7T,B00MGMWTQS,Bilbo,"The all-plastic insert ones are better than the ones with the metal ones - I used one of the metal inserts ones and after a short while the insert just spun inside of the coupler, which made me have to replace it AND pry off the metal insert from the shaft, which was the most annoying part.","Great coupler - use the all-plastic ones, not the ones with the metal spline insert...",1384300800,,,,,,,,,291,Positive
5.0,True,"02 28, 2018",A23KSPVPHZF6EO,B00P9C66PM,Angela Samos Guardia,"This works great, wonderful product it worked good.",Five Stars,1519776000,,,,,,,,,51,Positive
5.0,True,"01 5, 2016",A2V0JXLJ9VCNNX,B00P9C66PM,Amazon Customer,WASHER SPINNING NOW.,Five Stars,1451952000,,,,,,,,,20,Positive
5.0,True,"08 13, 2015",A37DQO5LU8DXTV,B00P9C66PM,Easy Appliance,Good job,Five Stars,1439424000,,,,,,,,,8,Positive
5.0,True,"07 27, 2015",AFUVGAUNQVT0S,B00P9C66PM,Brian M.,the spin clutch is a wear part on WP built top loaders so this clutch kit takes care of a slow spin issue and at a great price.,... care of a slow spin issue and at a great price.,1437955200,,,,,,,,,127,Positive
5.0,True,"07 4, 2015",A13391AZAFJ67K,B00P9C66PM,Fred A,good,Five Stars,1435968000,,,,,,,,,4,Positive
5.0,True,"03 21, 2015",A2CIEGHZ7L1WWR,B00P9C66PM,albert j. kong,Price and delivery was excellent.,Five Stars,1426896000,,,,,,,,,33,Positive
5.0,True,"07 10, 2015",A3H61AMBJ177DG,B00W4YKCGC,Randy Bailey,as advertised.,Five Stars,1436486400,,,,,,,,,14,Positive
5.0,True,"11 20, 2014",A37DQO5LU8DXTV,B00W4YKCGC,Easy Appliance,Good,Five Stars,1416441600,,,,,,,,,4,Positive
5.0,True,"08 29, 2014",A1H2V1GNEY4LZ0,B00W4YKCGC,Handyman,Work perfectly and on time!,Could not beat the great price and fast delivery!,1409270400,,,,,,,,,27,Positive
5.0,True,"08 11, 2014",AVGG8CYK8K312,B00W4YKCGC,Larry,I use these regular on my jobs I love the pricing too,Five Stars,1407715200,,,,,,,,,53,Positive
5.0,True,"10 15, 2016",A13391AZAFJ67K,B00570RQ0A,Fred A,good,Five Stars,1476489600,,,,,,,,,4,Positive
5.0,True,"01 5, 2016",A2V0JXLJ9VCNNX,B00570RQ0A,Amazon Customer,washer washing,Five Stars,1451952000,,,,,,,,,14,Positive
5.0,True,"12 5, 2016",A3GP2HMB2AFOKF,B00W4YKCGC,Juan,Great product fast shipping,Five Stars,1480896000,,,,,,,,,27,Positive
